"DistinguishedName","DNSHostName","Enabled","Name","ObjectClass","ObjectGUID","SamAccountName","SID","UserPrincipalName"
"CN=vm-MACHINE-T,OU=Domain Controllers,DC=techlab,DC=br","vm-MACHINE-T.techlab.br","True","vm-MACHINE-T","computer","4b464f18-25c6-4088-a674-60a6ffacaffc","vm-MACHINE-T$","S-1-5-21-925037465-2226837016-4004537459-16802",
"CN=MACHINE-TVGAPP,OU=Internos,OU=Servidores,DC=techlab,DC=br","MACHINE-Tvgapp.techlab.br","True","MACHINE-TVGAPP","computer","ea10c8ba-b8f4-4abe-a2ce-facb2758b665","MACHINE-TVGAPP$","S-1-5-21-925037465-2226837016-4004537459-12113",
"CN=MACHINE-TVGCRM,OU=Internos,OU=Servidores,DC=techlab,DC=br","MACHINE-Tvgcrm.techlab.br","True","MACHINE-TVGCRM","computer","fa588690-e7d6-4bcb-a827-2aca3ac4836f","MACHINE-TVGCRM$","S-1-5-21-925037465-2226837016-4004537459-13817",
"CN=MACHINE-TVGSTORAGE,OU=Computadores_Pendentes,OU=techlab_Brasil,DC=techlab,DC=br","MACHINE-TVGSTORAGE.techlab.br","False","MACHINE-TVGSTORAGE","computer","79e80c87-9f0b-4165-b14a-765ca657a3e0","MACHINE-TVGSTORAGE$","S-1-5-21-925037465-2226837016-4004537459-13947",
"CN=COD17,OU=Computadores,OU=Consultoria ESG,OU=Matriz,OU=MA,OU=techlab_Brasil,DC=techlab,DC=br","COD17.techlab.br","True","COD17","computer","00db7684-ef23-4f8e-8e5c-70f71f7a68bc","COD17$","S-1-5-21-925037465-2226837016-4004537459-13637","COD17$@techlab.com.br"
"CN=MACHINE-TVGAPP2,OU=Internos,OU=Servidores,DC=techlab,DC=br","MACHINE-Tvgapp2.techlab.br","True","MACHINE-TVGAPP2","computer","7f70372b-4d34-4862-abde-dc8e7b7c4c70","MACHINE-TVGAPP2$","S-1-5-21-925037465-2226837016-4004537459-12199",
"CN=COD10,OU=Computadores,OU=Compliance ESG,OU=Matriz,OU=MA,OU=techlab_Brasil,DC=techlab,DC=br","COD10.techlab.br","True","COD10","computer","9a35d12b-a30c-4a46-82b5-f33b362d5207","COD10$","S-1-5-21-925037465-2226837016-4004537459-12204","COD10$@techlab.com.br"
"CN=MACHINE-TVGVM2,OU=Internos,OU=Servidores,DC=techlab,DC=br","MACHINE-Tvgvm2.techlab.br","True","MACHINE-TVGVM2","computer","e0a220a3-6b69-4b2d-b6e4-6bbd012eeac8","MACHINE-TVGVM2$","S-1-5-21-925037465-2226837016-4004537459-13972",
"CN=MACHINE-TVGDEV,OU=Internos,OU=Servidores,DC=techlab,DC=br","MACHINE-Tvgdev.techlab.br","True","MACHINE-TVGDEV","computer","2f7dbf37-6f77-462f-af0d-e2c06ab03875","MACHINE-TVGDEV$","S-1-5-21-925037465-2226837016-4004537459-13799",
"CN=MACHINE-TVGVM,OU=Internos,OU=Servidores,DC=techlab,DC=br","MACHINE-Tvgvm.techlab.br","True","MACHINE-TVGVM","computer","f1d6d71f-1259-4d3b-b6d1-04ce8341aea2","MACHINE-TVGVM$","S-1-5-21-925037465-2226837016-4004537459-13839",
"CN=MACHINE-TVGVM1,OU=Internos,OU=Servidores,DC=techlab,DC=br","MACHINE-Tvgvm1.techlab.br","True","MACHINE-TVGVM1","computer","421823b4-e6d7-4420-a481-be805add4f75","MACHINE-TVGVM1$","S-1-5-21-925037465-2226837016-4004537459-13996",
"CN=COD50,OU=Formatacao,OU=Computadores,OU=Infra,OU=TI,OU=Matriz,OU=MA,OU=techlab_Brasil,DC=techlab,DC=br","COD50.techlab.br","True","COD50","computer","e91934e3-2aa1-46d7-8a65-76d5a2428b6f","COD50$","S-1-5-21-925037465-2226837016-4004537459-16811",
"CN=COD46,OU=Computadores,OU=Consultoria ESG,OU=Matriz,OU=MA,OU=techlab_Brasil,DC=techlab,DC=br","COD46.techlab.br","True","COD46","computer","6ba67a01-9cc3-4a5d-be90-a306c107b4f2","COD46$","S-1-5-21-925037465-2226837016-4004537459-16796","COD46$@techlab.com.br"
"CN=COD13,OU=Formatacao,OU=Computadores,OU=Infra,OU=TI,OU=Matriz,OU=MA,OU=techlab_Brasil,DC=techlab,DC=br","COD13.techlab.br","True","COD13","computer","71b197ed-1704-4df6-a46d-d581ce2905d4","COD13$","S-1-5-21-925037465-2226837016-4004537459-12266","COD13$@techlab.com.br"
"CN=MCHINE10,OU=VM,OU=Computadores,OU=Infra,OU=TI,OU=Matriz,OU=MA,OU=techlab_Brasil,DC=techlab,DC=br","MCHINE10.techlab.br","True","MCHINE10","computer","a755b249-a12b-40f1-8037-19f0acc20af2","MCHINE10$","S-1-5-21-925037465-2226837016-4004537459-16617","MCHINE10$@techlab.com.br"
"CN=COD52,OU=Computadores,OU=Verde_Ghaia,OU=SP,OU=techlab_Brasil,DC=techlab,DC=br","COD52.techlab.br","True","COD52","computer","42f48e11-acc5-4272-bf67-3e29cdf108bb","COD52$","S-1-5-21-925037465-2226837016-4004537459-16816","COD52$@techlab.com.br"
"CN=COD04,OU=Formatacao,OU=Computadores,OU=Infra,OU=TI,OU=Matriz,OU=MA,OU=techlab_Brasil,DC=techlab,DC=br","COD04.techlab.br","True","COD04","computer","8031265e-dfcf-4ebe-a46f-7dcf12adcbe3","COD04$","S-1-5-21-925037465-2226837016-4004537459-12148","COD04$@techlab.com.br"
"CN=COD01,OU=Computadores,OU=DHO,OU=Matriz,OU=MA,OU=techlab_Brasil,DC=techlab,DC=br","COD01.techlab.br","True","COD01","computer","1f60efa0-e009-4565-8b12-34151151a6e2","COD01$","S-1-5-21-925037465-2226837016-4004537459-12133","COD01$@techlab.com.br"
"CN=COD44,OU=Formatacao,OU=Computadores,OU=Infra,OU=TI,OU=Matriz,OU=MA,OU=techlab_Brasil,DC=techlab,DC=br","COD44.techlab.br","True","COD44","computer","e388e134-289b-4e00-8f61-e2126dc672ea","COD44$","S-1-5-21-925037465-2226837016-4004537459-16783","COD44$@techlab.com.br"
"CN=COD89,OU=Computadores,OU=Infra,OU=TI,OU=Matriz,OU=MA,OU=techlab_Brasil,DC=techlab,DC=br","COD89.techlab.br","True","COD89","computer","9fafbb4d-f8be-4069-9638-cc43c1d658f2","COD89$","S-1-5-21-925037465-2226837016-4004537459-13674","COD-82$@techlab.com.br"
"CN=COD02,OU=Formatacao,OU=Computadores,OU=Infra,OU=TI,OU=Matriz,OU=MA,OU=techlab_Brasil,DC=techlab,DC=br","COD02.techlab.br","True","COD02","computer","efa06e74-93ae-4b49-bc58-3589e3b2bf5a","COD02$","S-1-5-21-925037465-2226837016-4004537459-13919","COD02$@techlab.com.br"
"CN=COD33,OU=Formatacao,OU=Computadores,OU=Infra,OU=TI,OU=Matriz,OU=MA,OU=techlab_Brasil,DC=techlab,DC=br","COD33.techlab.br","True","COD33","computer","e1c4eba0-b2c6-4437-9574-da61e1cab3c2","COD33$","S-1-5-21-925037465-2226837016-4004537459-16635","COD33$@techlab.com.br"
"CN=COD55,OU=Computadores,OU=Comercial,OU=Matriz,OU=MA,OU=techlab_Brasil,DC=techlab,DC=br","COD55.techlab.br","True","COD55","computer","28ef11a2-d195-404d-beb5-f9f16c7aec09","COD55$","S-1-5-21-925037465-2226837016-4004537459-17639","COD55$@techlab.com.br"
"CN=vm-MACHINE-T2,OU=Domain Controllers,DC=techlab,DC=br","vm-MACHINE-T2.techlab.br","True","vm-MACHINE-T2","computer","c6e25292-c7a6-4b57-ac08-99140f92a26d","vm-MACHINE-T2$","S-1-5-21-925037465-2226837016-4004537459-17681",
"CN=COD42,OU=Formatacao,OU=Computadores,OU=Infra,OU=TI,OU=Matriz,OU=MA,OU=techlab_Brasil,DC=techlab,DC=br","COD42.techlab.br","True","COD42","computer","376b571f-55c4-4628-98ec-f9bcb483582d","COD42$","S-1-5-21-925037465-2226837016-4004537459-19118",
"CN=MCHINE17,OU=VM,OU=Computadores,OU=Infra,OU=TI,OU=Matriz,OU=MA,OU=techlab_Brasil,DC=techlab,DC=br","MCHINE17","True","MCHINE17","computer","703035a6-28cf-4cb1-8066-2090b09cb39c","MCHINE17$","S-1-5-21-925037465-2226837016-4004537459-17710",
"CN=COD03,OU=Computadores,OU=Administrativo - Financeiro,OU=Matriz,OU=MA,OU=techlab_Brasil,DC=techlab,DC=br","COD03.techlab.br","True","COD03","computer","04f60db2-d877-45f8-bd09-a36a6d9af4e2","COD03$","S-1-5-21-925037465-2226837016-4004537459-19133",
"CN=MACHINE-TVGFS,OU=Internos,OU=Servidores,DC=techlab,DC=br","MACHINE-TVGFS.techlab.br","True","MACHINE-TVGFS","computer","5921a4af-4e15-40e3-b860-9771c7822b97","MACHINE-TVGFS$","S-1-5-21-925037465-2226837016-4004537459-19146",
"CN=COD56,OU=Computadores,OU=Compliance ESG,OU=Matriz,OU=MA,OU=techlab_Brasil,DC=techlab,DC=br","COD56.techlab.br","True","COD56","computer","820f1458-af18-4964-ad2d-cb21671e0e96","COD56$","S-1-5-21-925037465-2226837016-4004537459-19170",
"CN=COD63,OU=Computadores,OU=Comercial,OU=Matriz,OU=MA,OU=techlab_Brasil,DC=techlab,DC=br","COD63.techlab.br","True","COD63","computer","17c8ba01-90de-4687-8ab2-ab6e8fa77558","COD63$","S-1-5-21-925037465-2226837016-4004537459-19211",
"CN=COD54,OU=Formatacao,OU=Computadores,OU=Infra,OU=TI,OU=Matriz,OU=MA,OU=techlab_Brasil,DC=techlab,DC=br","COD54.techlab.br","True","COD54","computer","47a12d3e-19f6-44d7-bd05-c34624ac7a7c","COD54$","S-1-5-21-925037465-2226837016-4004537459-19212",
"CN=MCHINE14,OU=Computadores,OU=Consultoria Externa,OU=Matriz,OU=MA,OU=techlab_Brasil,DC=techlab,DC=br","MCHINE14.techlab.br","True","MCHINE14","computer","0a633191-e94e-450c-9ad4-5bf917f5c19a","MCHINE14$","S-1-5-21-925037465-2226837016-4004537459-19220",
"CN=COD51,OU=Formatacao,OU=Computadores,OU=Infra,OU=TI,OU=Matriz,OU=MA,OU=techlab_Brasil,DC=techlab,DC=br","COD51.techlab.br","True","COD51","computer","cac7fed1-4a03-4737-bfa9-9d41ee53acd6","COD51$","S-1-5-21-925037465-2226837016-4004537459-20113",
"CN=MAC02,OU=Computadores,OU=Comunicacao,OU=Matriz,OU=MA,OU=techlab_Brasil,DC=techlab,DC=br","MAC02.techlab.br","True","MAC02","computer","4b81bd2d-1c86-44e2-a959-c8cc77326e8f","MAC02$","S-1-5-21-925037465-2226837016-4004537459-17864",
"CN=COD09,OU=Formatacao,OU=Computadores,OU=Infra,OU=TI,OU=Matriz,OU=MA,OU=techlab_Brasil,DC=techlab,DC=br","COD09.techlab.br","True","COD09","computer","959b363f-180d-4860-918d-13a8ca9d0ca7","COD09$","S-1-5-21-925037465-2226837016-4004537459-17874",
"CN=desenvolvimento,OU=Computadores,OU=Comunicacao,OU=Matriz,OU=MA,OU=techlab_Brasil,DC=techlab,DC=br","desenvolvimento.techlab.br","True","desenvolvimento","computer","2825e7d4-d0e1-418e-86fd-19fb017a9739","desenvolvimento$","S-1-5-21-925037465-2226837016-4004537459-17881",
"CN=COD69,OU=Formatacao,OU=Computadores,OU=Infra,OU=TI,OU=Matriz,OU=MA,OU=techlab_Brasil,DC=techlab,DC=br","COD69.techlab.br","True","COD69","computer","df50df31-bead-45d5-a013-f6b03d7fc5d0","COD69$","S-1-5-21-925037465-2226837016-4004537459-17909",
"CN=COD68,OU=Computadores,OU=Consultoria ESG,OU=Matriz,OU=MA,OU=techlab_Brasil,DC=techlab,DC=br","COD68.techlab.br","True","COD68","computer","ca32197d-843b-4cc9-be41-e6b9d563fa40","COD68$","S-1-5-21-925037465-2226837016-4004537459-17911",
"CN=COD72,OU=Formatacao,OU=Computadores,OU=Infra,OU=TI,OU=Matriz,OU=MA,OU=techlab_Brasil,DC=techlab,DC=br","COD72.techlab.br","True","COD72","computer","e33fc249-330c-4e0e-9fae-748c287a7674","COD72$","S-1-5-21-925037465-2226837016-4004537459-17958",
"CN=COD64,OU=Formatacao,OU=Computadores,OU=Infra,OU=TI,OU=Matriz,OU=MA,OU=techlab_Brasil,DC=techlab,DC=br","COD64.techlab.br","True","COD64","computer","80c449a2-83ae-46b0-a045-cfde08f58909","COD64$","S-1-5-21-925037465-2226837016-4004537459-17972",
"CN=COD47,OU=Computadores,OU=Compliance ESG,OU=Matriz,OU=MA,OU=techlab_Brasil,DC=techlab,DC=br","COD47.techlab.br","True","COD47","computer","ae927744-c436-4a09-beaf-a651d1417f41","COD47$","S-1-5-21-925037465-2226837016-4004537459-17993",
"CN=COD73,OU=Computadores,OU=Compliance ESG,OU=Matriz,OU=MA,OU=techlab_Brasil,DC=techlab,DC=br","COD73.techlab.br","True","COD73","computer","f50b6c11-e8ed-4762-992e-33fe58221226","COD73$","S-1-5-21-925037465-2226837016-4004537459-18003",
"CN=COD75,OU=Computadores,OU=Suporte,OU=Matriz,OU=MA,OU=techlab_Brasil,DC=techlab,DC=br","COD75.techlab.br","True","COD75","computer","883bfa3d-9867-4394-9940-5b5f032fd03a","COD75$","S-1-5-21-925037465-2226837016-4004537459-18005",
"CN=COD76,OU=Computadores,OU=Verde_Ghaia,OU=SP,OU=techlab_Brasil,DC=techlab,DC=br","COD76.techlab.br","True","COD76","computer","1e642efa-fe1c-4ec1-bb78-c9960a6928c4","COD76$","S-1-5-21-925037465-2226837016-4004537459-18007",
"CN=COD77,OU=Computadores,OU=Verde_Ghaia,OU=SP,OU=techlab_Brasil,DC=techlab,DC=br","COD77.techlab.br","True","COD77","computer","4919c3d7-5273-4b9c-89c7-b58fdabdd54a","COD77$","S-1-5-21-925037465-2226837016-4004537459-18008",
"CN=COD78,OU=Computadores,OU=Compliance ESG,OU=Matriz,OU=MA,OU=techlab_Brasil,DC=techlab,DC=br","COD78.techlab.br","True","COD78","computer","03aab849-38fc-4802-9ed8-cc9e20c8d2e8","COD78$","S-1-5-21-925037465-2226837016-4004537459-18009",
"CN=COD82,OU=Computadores,OU=DHO,OU=Matriz,OU=MA,OU=techlab_Brasil,DC=techlab,DC=br","COD82.techlab.br","True","COD82","computer","b5621536-a6f9-43aa-b9ec-38ab9edf32cc","COD82$","S-1-5-21-925037465-2226837016-4004537459-18026",
"CN=MCHINE07,OU=VM,OU=Computadores,OU=Infra,OU=TI,OU=Matriz,OU=MA,OU=techlab_Brasil,DC=techlab,DC=br","MCHINE07.techlab.br","True","MCHINE07","computer","1cb7ba9b-eead-4e2a-b94d-b404aa01b0e6","MCHINE07$","S-1-5-21-925037465-2226837016-4004537459-18035",
"CN=MCHINE12,OU=VM,OU=Computadores,OU=Comercial,OU=Matriz,OU=MA,OU=techlab_Brasil,DC=techlab,DC=br","MCHINE12.techlab.br","True","MCHINE12","computer","2f955111-4ad0-415e-9890-4857ed8d1a16","MCHINE12$","S-1-5-21-925037465-2226837016-4004537459-18036",
"CN=MCHINE08,OU=VM,OU=Computadores,OU=Desenvolvimento,OU=TI,OU=Matriz,OU=MA,OU=techlab_Brasil,DC=techlab,DC=br","MCHINE08.techlab.br","True","MCHINE08","computer","092d751c-545e-49b7-8122-b3eb2b3f1447","MCHINE08$","S-1-5-21-925037465-2226837016-4004537459-18037",
"CN=MCHINE01,OU=VM,OU=Computadores,OU=Infra,OU=TI,OU=Matriz,OU=MA,OU=techlab_Brasil,DC=techlab,DC=br","MCHINE01.techlab.br","False","MCHINE01","computer","65ac8ce1-a870-4ca2-8114-698e2ce7fd24","MCHINE01$","S-1-5-21-925037465-2226837016-4004537459-22126",
"CN=AZUREADSSOACC,CN=Computers,DC=techlab,DC=br",,"True","AZUREADSSOACC","computer","a1311450-7210-4f43-9412-f646e4ac881c","AZUREADSSOACC$","S-1-5-21-925037465-2226837016-4004537459-22130",
"CN=COD62,OU=Computadores,OU=Compliance ESG,OU=Matriz,OU=MA,OU=techlab_Brasil,DC=techlab,DC=br","COD62.techlab.br","True","COD62","computer","7fcf288d-d5ea-47c9-bfc4-40b3191b3545","COD62$","S-1-5-21-925037465-2226837016-4004537459-22140",
"CN=COD49,OU=Computadores,OU=Compliance ESG,OU=Matriz,OU=MA,OU=techlab_Brasil,DC=techlab,DC=br","COD49.techlab.br","True","COD49","computer","f46b3d17-9ad6-415b-b238-cb6c3a8b5da5","COD49$","S-1-5-21-925037465-2226837016-4004537459-18050",
"CN=COD66,OU=Computadores,OU=Compliance ESG,OU=Matriz,OU=MA,OU=techlab_Brasil,DC=techlab,DC=br","COD66.techlab.br","True","COD66","computer","cd098260-b093-470a-818f-746113a62d8f","COD66$","S-1-5-21-925037465-2226837016-4004537459-22141",
"CN=COD61,OU=Computadores,OU=Comercial,OU=Matriz,OU=MA,OU=techlab_Brasil,DC=techlab,DC=br","COD61.techlab.br","True","COD61","computer","787880a1-032d-4e5b-923d-17bee73c2500","COD61$","S-1-5-21-925037465-2226837016-4004537459-22143",
"CN=COD14,OU=Computadores,OU=Consultoria ESG,OU=Matriz,OU=MA,OU=techlab_Brasil,DC=techlab,DC=br","COD14.techlab.br","True","COD14","computer","4ffc37c6-7a0c-4baf-bd77-09e72918be4f","COD14$","S-1-5-21-925037465-2226837016-4004537459-21111",
"CN=COD85,OU=Computadores,OU=Compliance ESG,OU=Matriz,OU=MA,OU=techlab_Brasil,DC=techlab,DC=br","COD85.techlab.br","True","COD85","computer","a5f50128-1e9b-4403-a1bb-426c4e04bb53","COD85$","S-1-5-21-925037465-2226837016-4004537459-18055",
"CN=MACHINE-TVGNAS,OU=Internos,OU=Servidores,DC=techlab,DC=br","MACHINE-Tvgnas.techlab.br","True","MACHINE-TVGNAS","computer","ac2caa01-3b75-4f2d-996b-3172747218ba","MACHINE-TVGNAS$","S-1-5-21-925037465-2226837016-4004537459-18061",
"CN=COD12,OU=Formatacao,OU=Computadores,OU=Infra,OU=TI,OU=Matriz,OU=MA,OU=techlab_Brasil,DC=techlab,DC=br","COD12.techlab.br","False","COD12","computer","e96d8c6d-5df9-4552-96a2-91c6d306676d","COD12$","S-1-5-21-925037465-2226837016-4004537459-22149",
"CN=mac03,OU=Computadores,OU=Comunicacao,OU=Matriz,OU=MA,OU=techlab_Brasil,DC=techlab,DC=br","mac03.techlab.br","True","mac03","computer","c9b9db4e-cebd-492a-927c-ea0326650ff7","mac03$","S-1-5-21-925037465-2226837016-4004537459-22152",
"CN=COD11,OU=Computadores,OU=Comercial,OU=Matriz,OU=MA,OU=techlab_Brasil,DC=techlab,DC=br","COD11.techlab.br","True","COD11","computer","8aef2a7f-fa9f-4b3c-9326-1ce97d30caa8","COD11$","S-1-5-21-925037465-2226837016-4004537459-22158",
"CN=COD48,OU=Formatacao,OU=Computadores,OU=Infra,OU=TI,OU=Matriz,OU=MA,OU=techlab_Brasil,DC=techlab,DC=br","COD48.techlab.br","True","COD48","computer","65fccfb9-0757-473c-840b-ce9d93a65419","COD48$","S-1-5-21-925037465-2226837016-4004537459-18082",
"CN=COD26,OU=Formatacao,OU=Computadores,OU=Infra,OU=TI,OU=Matriz,OU=MA,OU=techlab_Brasil,DC=techlab,DC=br","COD26.techlab.br","True","COD26","computer","220f6c83-d97d-45c9-bc7c-e84ea04a5c70","COD26$","S-1-5-21-925037465-2226837016-4004537459-22162",
"CN=COD06,OU=Computadores,OU=Verde_Ghaia,OU=SP,OU=techlab_Brasil,DC=techlab,DC=br","COD06.techlab.br","True","COD06","computer","56758709-7858-4078-809d-c0575ed2749a","COD06$","S-1-5-21-925037465-2226837016-4004537459-18084",
"CN=COD86,OU=Computadores,OU=Compliance ESG,OU=Matriz,OU=MA,OU=techlab_Brasil,DC=techlab,DC=br","COD86.techlab.br","True","COD86","computer","e45dc5fe-3e75-4dc3-901b-aea507ec7bf9","COD86$","S-1-5-21-925037465-2226837016-4004537459-22181",
"CN=COD-116,OU=Computadores,OU=Comunicacao,OU=Matriz,OU=MA,OU=techlab_Brasil,DC=techlab,DC=br","COD-116.techlab.br","True","COD-116","computer","e7ec4665-b9ed-4f80-bca9-b4ddd9c78b76","COD-116$","S-1-5-21-925037465-2226837016-4004537459-22182",
"CN=COD84,OU=Computadores,OU=DHO,OU=Matriz,OU=MA,OU=techlab_Brasil,DC=techlab,DC=br","COD84.techlab.br","True","COD84","computer","2f90fb8b-cbb0-4651-9bec-ae8a6da950ba","COD84$","S-1-5-21-925037465-2226837016-4004537459-18105",
"CN=COD90,OU=Computadores,OU=Desenvolvimento,OU=TI,OU=Matriz,OU=MA,OU=techlab_Brasil,DC=techlab,DC=br","COD90.techlab.br","True","COD90","computer","a166f738-1f78-4912-b958-f87946b3809a","COD90$","S-1-5-21-925037465-2226837016-4004537459-22186",
"CN=COD91,OU=Formatacao,OU=Computadores,OU=Infra,OU=TI,OU=Matriz,OU=MA,OU=techlab_Brasil,DC=techlab,DC=br","COD91.techlab.br","True","COD91","computer","f9f5b07d-e219-44d8-b463-f77b1f8c73c2","COD91$","S-1-5-21-925037465-2226837016-4004537459-18108",
"CN=COD92,OU=Computadores,OU=Desenvolvimento,OU=TI,OU=Matriz,OU=MA,OU=techlab_Brasil,DC=techlab,DC=br","COD92.techlab.br","True","COD92","computer","41de3d24-f80c-4774-83dd-ab53ade2d94a","COD92$","S-1-5-21-925037465-2226837016-4004537459-18109",
"CN=COD93,OU=Computadores,OU=Desenvolvimento,OU=TI,OU=Matriz,OU=MA,OU=techlab_Brasil,DC=techlab,DC=br","COD93.techlab.br","True","COD93","computer","2d46a827-09e6-44a2-913b-22e0b78d4429","COD93$","S-1-5-21-925037465-2226837016-4004537459-20610",
"CN=COD95,OU=Computadores,OU=Desenvolvimento,OU=TI,OU=Matriz,OU=MA,OU=techlab_Brasil,DC=techlab,DC=br","COD95.techlab.br","True","COD95","computer","be2dfce3-0494-4483-b28e-211b836577a7","COD95$","S-1-5-21-925037465-2226837016-4004537459-20612",
"CN=COD96,OU=Computadores,OU=Desenvolvimento,OU=TI,OU=Matriz,OU=MA,OU=techlab_Brasil,DC=techlab,DC=br","COD96.techlab.br","True","COD96","computer","354b0b5a-2a57-485d-b39e-8e1ea20de8cd","COD96$","S-1-5-21-925037465-2226837016-4004537459-20613",
"CN=COD97,OU=Computadores,OU=Desenvolvimento,OU=TI,OU=Matriz,OU=MA,OU=techlab_Brasil,DC=techlab,DC=br","COD97.techlab.br","True","COD97","computer","022cb3a2-ba50-437e-b4bd-67c8668f36d1","COD97$","S-1-5-21-925037465-2226837016-4004537459-22187",
"CN=NOTEITA,OU=Formatacao,OU=Computadores,OU=Infra,OU=TI,OU=Matriz,OU=MA,OU=techlab_Brasil,DC=techlab,DC=br","NoteIta.techlab.br","True","NOTEITA","computer","8f6d543e-5dfc-4417-96fa-a452925b4dc3","NOTEITA$","S-1-5-21-925037465-2226837016-4004537459-20618",
"CN=COD15,OU=Formatacao,OU=Computadores,OU=Infra,OU=TI,OU=Matriz,OU=MA,OU=techlab_Brasil,DC=techlab,DC=br","COD15.techlab.br","True","COD15","computer","0fa82ad2-0241-4d73-a2b1-a66a13768ae0","COD15$","S-1-5-21-925037465-2226837016-4004537459-20638",
"CN=MACHINE-TVMSQL,OU=Azure,OU=Servidores,DC=techlab,DC=br","MACHINE-TVMSQL.techlab.br","True","MACHINE-TVMSQL","computer","4bb21384-b4c3-4843-a4f0-d5a446d0fd1f","MACHINE-TVMSQL$","S-1-5-21-925037465-2226837016-4004537459-20653",
"CN=imac-de-verde,OU=Computadores,OU=Comunicacao,OU=Matriz,OU=MA,OU=techlab_Brasil,DC=techlab,DC=br","imac-de-verde.techlab.br","True","imac-de-verde","computer","892f40d6-82aa-4d1a-b385-72de29300890","imac-de-verde$","S-1-5-21-925037465-2226837016-4004537459-22210",
"CN=MACHINE-TVCENTER,OU=Internos,OU=Servidores,DC=techlab,DC=br","MACHINE-TVCENTER.techlab.br","True","MACHINE-TVCENTER","computer","a8ff9e31-8867-4a30-9ea8-2a3332635edb","MACHINE-TVCENTER$","S-1-5-21-925037465-2226837016-4004537459-20665",
"CN=COD40,OU=Formatacao,OU=Computadores,OU=Infra,OU=TI,OU=Matriz,OU=MA,OU=techlab_Brasil,DC=techlab,DC=br","COD40.techlab.br","True","COD40","computer","1a251d7d-ba73-4de6-afaa-f561e80a1686","COD40$","S-1-5-21-925037465-2226837016-4004537459-22239",
"CN=COD99,OU=Computadores,OU=Comercial,OU=Matriz,OU=MA,OU=techlab_Brasil,DC=techlab,DC=br","COD99.techlab.br","True","COD99","computer","50289a6e-d41a-4947-9738-88933c2fbae3","COD99$","S-1-5-21-925037465-2226837016-4004537459-20736",
"CN=COD100,OU=Computadores,OU=Comercial,OU=Matriz,OU=MA,OU=techlab_Brasil,DC=techlab,DC=br","COD100.techlab.br","True","COD100","computer","a8179f70-99bd-4b2f-b903-d520005c2dad","COD100$","S-1-5-21-925037465-2226837016-4004537459-22248",
"CN=COD101,OU=Computadores,OU=Consultoria ESG,OU=Matriz,OU=MA,OU=techlab_Brasil,DC=techlab,DC=br","COD101.techlab.br","True","COD101","computer","ddeb1486-14d3-4830-a0d2-c026b7f384fe","COD101$","S-1-5-21-925037465-2226837016-4004537459-22253",
"CN=COD102,OU=Computadores,OU=Consultoria ESG,OU=Matriz,OU=MA,OU=techlab_Brasil,DC=techlab,DC=br","COD102.techlab.br","True","COD102","computer","b9895a93-ba9a-4be3-8260-8f4c59c407c0","COD102$","S-1-5-21-925037465-2226837016-4004537459-20743",
"CN=COD87,OU=Computadores,OU=Compliance ESG,OU=Matriz,OU=MA,OU=techlab_Brasil,DC=techlab,DC=br","COD87.techlab.br","True","COD87","computer","27b351ac-9ca1-45d4-af85-f16d4164e979","COD87$","S-1-5-21-925037465-2226837016-4004537459-22254",
"CN=COD103,OU=Computadores,OU=Diretoria,OU=Matriz,OU=MA,OU=techlab_Brasil,DC=techlab,DC=br","COD103.techlab.br","False","COD103","computer","c496db09-6eb7-4812-af8e-35d5c9e05250","COD103$","S-1-5-21-925037465-2226837016-4004537459-22256",
"CN=COD104,OU=Computadores,OU=Desenvolvimento,OU=TI,OU=Matriz,OU=MA,OU=techlab_Brasil,DC=techlab,DC=br","COD104.techlab.br","True","COD104","computer","eb413372-190c-4855-b01b-76059c6516a0","COD104$","S-1-5-21-925037465-2226837016-4004537459-20747",
"CN=COD106,OU=Computadores,OU=Diretoria,OU=Matriz,OU=MA,OU=techlab_Brasil,DC=techlab,DC=br","COD106.techlab.br","False","COD106","computer","2ae674ed-d889-43d7-b743-985b3762e3cb","COD106$","S-1-5-21-925037465-2226837016-4004537459-22258",
"CN=COD111,OU=Computadores,OU=Comercial,OU=Matriz,OU=MA,OU=techlab_Brasil,DC=techlab,DC=br","COD111.techlab.br","True","COD111","computer","9efe9bf6-a335-428f-9ca7-e16a74c3771b","COD111$","S-1-5-21-925037465-2226837016-4004537459-20764",
"CN=COD108,OU=Computadores,OU=Compliance ESG,OU=Matriz,OU=MA,OU=techlab_Brasil,DC=techlab,DC=br","COD108.techlab.br","True","COD108","computer","b0ad9b7c-b9b8-44f0-b909-2db4b1eac987","COD108$","S-1-5-21-925037465-2226837016-4004537459-20765",
"CN=COD107,OU=Computadores,OU=Consultoria ESG,OU=Matriz,OU=MA,OU=techlab_Brasil,DC=techlab,DC=br","COD107.techlab.br","True","COD107","computer","a43ed8b1-6a63-4bc0-a686-26aa56064cb6","COD107$","S-1-5-21-925037465-2226837016-4004537459-22263",
"CN=COD113,OU=Computadores,OU=Internacional,OU=Matriz,OU=MA,OU=techlab_Brasil,DC=techlab,DC=br","COD113.techlab.br","True","COD113","computer","644ac902-d5d0-4e27-a386-6945db73f7c4","COD113$","S-1-5-21-925037465-2226837016-4004537459-20766",
"CN=COD110,OU=Formatacao,OU=Computadores,OU=Infra,OU=TI,OU=Matriz,OU=MA,OU=techlab_Brasil,DC=techlab,DC=br","COD110.techlab.br","True","COD110","computer","8198f001-5cb8-4167-80b4-2ab6f2b15b03","COD110$","S-1-5-21-925037465-2226837016-4004537459-22264",
"CN=COD109,OU=Computadores,OU=Legislação e Pesquisa,OU=Matriz,OU=MA,OU=techlab_Brasil,DC=techlab,DC=br","COD109.techlab.br","True","COD109","computer","fe259c34-9b91-418b-8ae6-f60606aafa3a","COD109$","S-1-5-21-925037465-2226837016-4004537459-22265",
"CN=COD112,OU=Computadores,OU=Consultoria ESG,OU=Matriz,OU=MA,OU=techlab_Brasil,DC=techlab,DC=br","COD112.techlab.br","True","COD112","computer","0e14bfd5-ad39-45a5-91bd-7a59ab8f7101","COD112$","S-1-5-21-925037465-2226837016-4004537459-20768",
"CN=COD120,OU=Formatacao,OU=Computadores,OU=Infra,OU=TI,OU=Matriz,OU=MA,OU=techlab_Brasil,DC=techlab,DC=br","COD120.techlab.br","True","COD120","computer","e38985f7-d148-4a9c-830e-d27a4ec82949","COD120$","S-1-5-21-925037465-2226837016-4004537459-22266",
"CN=COD119,OU=Computadores,OU=Administrativo - Financeiro,OU=Matriz,OU=MA,OU=techlab_Brasil,DC=techlab,DC=br","COD119.techlab.br","True","COD119","computer","d497e131-ff39-4eff-a3ad-47a245509806","COD119$","S-1-5-21-925037465-2226837016-4004537459-20769",
"CN=COD118,OU=Computadores,OU=Diretoria,OU=Matriz,OU=MA,OU=techlab_Brasil,DC=techlab,DC=br","COD118.techlab.br","True","COD118","computer","21d05113-c212-4b28-9daf-b5b6e798180c","COD118$","S-1-5-21-925037465-2226837016-4004537459-20770",
"CN=COD117,OU=Computadores,OU=Internacional,OU=Matriz,OU=MA,OU=techlab_Brasil,DC=techlab,DC=br","COD117.techlab.br","True","COD117","computer","f66f248a-de2a-4e52-a909-ec1e426333a1","COD117$","S-1-5-21-925037465-2226837016-4004537459-22267",
"CN=COD116,OU=Computadores,OU=Compliance ESG,OU=Matriz,OU=MA,OU=techlab_Brasil,DC=techlab,DC=br","COD116.techlab.br","True","COD116","computer","adf1733c-bee0-42e4-b564-8a6bbf9ee520","COD116$","S-1-5-21-925037465-2226837016-4004537459-22268",
"CN=COD115,OU=Computadores,OU=Consultoria ESG,OU=Matriz,OU=MA,OU=techlab_Brasil,DC=techlab,DC=br","COD115.techlab.br","True","COD115","computer","fa7d338b-2d27-4270-b727-3f4e9e3d31fa","COD115$","S-1-5-21-925037465-2226837016-4004537459-20771",
"CN=COD-163,OU=Computadores,OU=Comunicacao,OU=Matriz,OU=MA,OU=techlab_Brasil,DC=techlab,DC=br","COD-163.techlab.br","True","COD-163","computer","059ec5bf-954d-49e3-acdd-cd9572b3863d","COD-163$","S-1-5-21-925037465-2226837016-4004537459-22269",
"CN=COD05,OU=Computadores,OU=Comercial,OU=Matriz,OU=MA,OU=techlab_Brasil,DC=techlab,DC=br","COD05.techlab.br","True","COD05","computer","ef7f9fc6-6586-4630-9f1f-9f76acca9382","COD05$","S-1-5-21-925037465-2226837016-4004537459-22270",
"CN=COD65,OU=Computadores,OU=Compliance ESG,OU=Matriz,OU=MA,OU=techlab_Brasil,DC=techlab,DC=br","COD65.techlab.br","True","COD65","computer","64393fdb-f8b4-46ee-a3ea-3c96ce6464de","COD65$","S-1-5-21-925037465-2226837016-4004537459-22272",
"CN=COD30,OU=Computadores,OU=Comunicacao,OU=Matriz,OU=MA,OU=techlab_Brasil,DC=techlab,DC=br","COD30.techlab.br","True","COD30","computer","72ceb401-7aef-44a2-b2d0-f07a3255c50d","COD30$","S-1-5-21-925037465-2226837016-4004537459-22273",
"CN=COD122,OU=Computers,OU=SNAPSE,OU=Terceiros,OU=MA,OU=techlab_Brasil,DC=techlab,DC=br","COD122.techlab.br","True","COD122","computer","9f9988af-2a73-444a-a5ce-1dc51112b7c2","COD122$","S-1-5-21-925037465-2226837016-4004537459-20804",
"CN=COD81,OU=Computadores,OU=Infra,OU=TI,OU=Matriz,OU=MA,OU=techlab_Brasil,DC=techlab,DC=br","COD81.techlab.br","True","COD81","computer","b5f2fb29-ad32-47c2-b1e8-61759f191152","COD81$","S-1-5-21-925037465-2226837016-4004537459-22291",
"CN=DSKAMB003,OU=Computadores,OU=Ambito,OU=Matriz,OU=MA,OU=techlab_Brasil,DC=techlab,DC=br","DSKAMB003.techlab.br","True","DSKAMB003","computer","92ffde57-2e1a-4306-bbb7-bd43984f49ec","DSKAMB003$","S-1-5-21-925037465-2226837016-4004537459-20833",
"CN=DESKTOP-MQMAN10,OU=Computadores,OU=Compliance ESG,OU=Matriz,OU=MA,OU=techlab_Brasil,DC=techlab,DC=br","DESKTOP-MQMAN10.techlab.br","True","DESKTOP-MQMAN10","computer","018fc45d-8045-41c7-a6dc-6db01f880075","DESKTOP-MQMAN10$","S-1-5-21-925037465-2226837016-4004537459-20843",
"CN=COD20,OU=Computadores,OU=DHO,OU=Matriz,OU=MA,OU=techlab_Brasil,DC=techlab,DC=br","COD20.techlab.br","True","COD20","computer","4ce553a4-f564-4d85-9c26-db02387ce6df","COD20$","S-1-5-21-925037465-2226837016-4004537459-22292",
"CN=COD121,OU=Computadores,OU=Suporte,OU=Matriz,OU=MA,OU=techlab_Brasil,DC=techlab,DC=br","COD121.techlab.br","True","COD121","computer","0cbc438c-fde2-4d0c-bbf9-f419ce25c13b","COD121$","S-1-5-21-925037465-2226837016-4004537459-20854",
"CN=COD98,OU=Computadores,OU=Suporte,OU=Matriz,OU=MA,OU=techlab_Brasil,DC=techlab,DC=br","COD98.techlab.br","True","COD98","computer","69ed5d25-f3fe-4c45-8cf5-9e02f044402d","COD98$","S-1-5-21-925037465-2226837016-4004537459-22293",
"CN=COD83,OU=Computadores,OU=Infra,OU=TI,OU=Matriz,OU=MA,OU=techlab_Brasil,DC=techlab,DC=br","COD83.techlab.br","True","COD83","computer","643b9cb1-9121-4f8b-a695-496a6a3053ce","COD83$","S-1-5-21-925037465-2226837016-4004537459-20858",
"CN=COD114,OU=Computadores,OU=Consultoria ESG,OU=Matriz,OU=MA,OU=techlab_Brasil,DC=techlab,DC=br","COD114.techlab.br","True","COD114","computer","f14e6da3-56d1-4d77-9aa5-dd49daaa63cb","COD114$","S-1-5-21-925037465-2226837016-4004537459-20859",
"CN=COD105,OU=Computadores,OU=Desenvolvimento,OU=TI,OU=Matriz,OU=MA,OU=techlab_Brasil,DC=techlab,DC=br","COD105.techlab.br","True","COD105","computer","662ffe94-5ba2-4f4f-8c6e-f3a369e76072","COD105$","S-1-5-21-925037465-2226837016-4004537459-20860",
"CN=MCHINE13,OU=Computadores,OU=Ambito,OU=Matriz,OU=MA,OU=techlab_Brasil,DC=techlab,DC=br","MCHINE13.techlab.br","True","MCHINE13","computer","8675e366-fa51-46bd-b8de-03fcf68a09f9","MCHINE13$","S-1-5-21-925037465-2226837016-4004537459-22302",
"CN=COD123,OU=Computadores,OU=Ambito,OU=Matriz,OU=MA,OU=techlab_Brasil,DC=techlab,DC=br","COD123.techlab.br","True","COD123","computer","1db57909-18de-409d-92a1-48d4c7c76cff","COD123$","S-1-5-21-925037465-2226837016-4004537459-20861",
"CN=COD178,OU=Computadores,OU=Comunicacao,OU=Matriz,OU=MA,OU=techlab_Brasil,DC=techlab,DC=br","COD178.techlab.br","True","COD178","computer","9cd0d015-31f4-4790-830a-15911ea32071","COD178$","S-1-5-21-925037465-2226837016-4004537459-20863",
"CN=COD124,OU=Computadores,OU=Consultoria ESG,OU=Matriz,OU=MA,OU=techlab_Brasil,DC=techlab,DC=br","COD124.techlab.br","True","COD124","computer","2c1c499b-c941-4d3a-8387-56931013aac8","COD124$","S-1-5-21-925037465-2226837016-4004537459-20868",
"CN=COD125,OU=Computadores,OU=Consultoria ESG,OU=Matriz,OU=MA,OU=techlab_Brasil,DC=techlab,DC=br","COD125.techlab.br","True","COD125","computer","f5f94e9e-40af-4b63-a285-1d127b1ba603","COD125$","S-1-5-21-925037465-2226837016-4004537459-22310",
"CN=COD79,OU=Computadores,OU=Consultoria ESG,OU=Matriz,OU=MA,OU=techlab_Brasil,DC=techlab,DC=br","COD79.techlab.br","True","COD79","computer","55913305-a251-4304-80ae-ac83f6e36ff8","COD79$","S-1-5-21-925037465-2226837016-4004537459-20872",
"CN=COD126,OU=Computadores,OU=Legislação e Pesquisa,OU=Matriz,OU=MA,OU=techlab_Brasil,DC=techlab,DC=br","COD126.techlab.br","True","COD126","computer","f335323e-0877-4cb5-bb73-08bc59488346","COD126$","S-1-5-21-925037465-2226837016-4004537459-22312",
"CN=COD127,OU=Computadores,OU=Diretoria,OU=Matriz,OU=MA,OU=techlab_Brasil,DC=techlab,DC=br","COD127.techlab.br","True","COD127","computer","285c9b0b-9cd6-479e-b49a-ee47c0e43ba0","COD127$","S-1-5-21-925037465-2226837016-4004537459-20873",
"CN=COD128,OU=Computadores,OU=Suporte,OU=Matriz,OU=MA,OU=techlab_Brasil,DC=techlab,DC=br","COD128.techlab.br","True","COD128","computer","56b88ac1-915f-4e84-849c-e2e65b1966b5","COD128$","S-1-5-21-925037465-2226837016-4004537459-20875",
"CN=COD129,OU=Computadores,OU=Suporte,OU=Matriz,OU=MA,OU=techlab_Brasil,DC=techlab,DC=br","COD129.techlab.br","True","COD129","computer","079de3d7-0806-42d6-b06c-aa9e51cd65dd","COD129$","S-1-5-21-925037465-2226837016-4004537459-22314",
"CN=COD130,OU=Computadores,OU=Suporte,OU=Matriz,OU=MA,OU=techlab_Brasil,DC=techlab,DC=br","COD130.techlab.br","True","COD130","computer","188dd7d6-ec1e-4956-857a-fd805d5ef8c9","COD130$","S-1-5-21-925037465-2226837016-4004537459-22315",
"CN=COD131,OU=Computadores,OU=Suporte,OU=Matriz,OU=MA,OU=techlab_Brasil,DC=techlab,DC=br","COD131.techlab.br","True","COD131","computer","f794c764-c5cf-4dac-8c57-6042dbdb140f","COD131$","S-1-5-21-925037465-2226837016-4004537459-20876",
"CN=COD132,OU=Computadores,OU=Consultoria ESG,OU=Matriz,OU=MA,OU=techlab_Brasil,DC=techlab,DC=br","COD132.techlab.br","True","COD132","computer","23a3924f-ff19-4d71-9626-85abd71f1727","COD132$","S-1-5-21-925037465-2226837016-4004537459-20878",
"CN=COD134,OU=Computadores,OU=Consultoria ESG,OU=Matriz,OU=MA,OU=techlab_Brasil,DC=techlab,DC=br","COD134.techlab.br","True","COD134","computer","e2d42684-ec60-4211-a41a-d7584df519a1","COD134$","S-1-5-21-925037465-2226837016-4004537459-22320",
"CN=COD133,OU=Computadores,OU=Consultoria ESG,OU=Matriz,OU=MA,OU=techlab_Brasil,DC=techlab,DC=br","COD133.techlab.br","True","COD133","computer","a1309648-1c6b-4fed-be23-3351a07300f5","COD133$","S-1-5-21-925037465-2226837016-4004537459-22321",
"CN=COD136,OU=Computadores,OU=Legislação e Pesquisa,OU=Matriz,OU=MA,OU=techlab_Brasil,DC=techlab,DC=br","COD136.techlab.br","True","COD136","computer","ea6a971f-8fe1-4ae3-9270-088ee4480347","COD136$","S-1-5-21-925037465-2226837016-4004537459-20883",
"CN=COD135,OU=Computadores,OU=Comunicacao,OU=Matriz,OU=MA,OU=techlab_Brasil,DC=techlab,DC=br","COD135.techlab.br","True","COD135","computer","6247c8e7-714d-49b0-826e-20422a490e25","COD135$","S-1-5-21-925037465-2226837016-4004537459-22322",
"CN=COD137,OU=Computadores,OU=Legislação e Pesquisa,OU=Matriz,OU=MA,OU=techlab_Brasil,DC=techlab,DC=br","COD137.techlab.br","True","COD137","computer","ad6d52ca-a1f4-45a7-8c70-76ef4e0241bb","COD137$","S-1-5-21-925037465-2226837016-4004537459-22323",
"CN=COD138,OU=Computadores,OU=Legislação e Pesquisa,OU=Matriz,OU=MA,OU=techlab_Brasil,DC=techlab,DC=br","COD138.techlab.br","True","COD138","computer","00482298-f5d0-430e-8efe-1286c79c317a","COD138$","S-1-5-21-925037465-2226837016-4004537459-20884",
"CN=COD139,OU=Computadores,OU=Diretoria,OU=Matriz,OU=MA,OU=techlab_Brasil,DC=techlab,DC=br","COD139.techlab.br","True","COD139","computer","67ee56d6-e8d1-4458-b443-b4894e4a1b02","COD139$","S-1-5-21-925037465-2226837016-4004537459-20888",
"CN=COD140,OU=Computadores,OU=Legislação e Pesquisa,OU=Matriz,OU=MA,OU=techlab_Brasil,DC=techlab,DC=br","COD140.techlab.br","True","COD140","computer","472daef4-8cdf-4684-9e81-cb210540cce8","COD140$","S-1-5-21-925037465-2226837016-4004537459-22326",
"CN=COD141,OU=Computadores,OU=Legislação e Pesquisa,OU=Matriz,OU=MA,OU=techlab_Brasil,DC=techlab,DC=br","COD141.techlab.br","True","COD141","computer","8bfbb105-9ab7-49ed-8281-4241298458c4","COD141$","S-1-5-21-925037465-2226837016-4004537459-22327",
"CN=COD142,OU=Computadores,OU=Desenvolvimento,OU=TI,OU=Matriz,OU=MA,OU=techlab_Brasil,DC=techlab,DC=br","COD142.techlab.br","True","COD142","computer","6305e0e9-bff7-4d22-8477-c619943efd1b","COD142$","S-1-5-21-925037465-2226837016-4004537459-22329",
"CN=COD143,OU=Computadores,OU=Desenvolvimento,OU=TI,OU=Matriz,OU=MA,OU=techlab_Brasil,DC=techlab,DC=br","COD143.techlab.br","True","COD143","computer","351e4a19-0b68-4138-bdba-0f7a7e0fd419","COD143$","S-1-5-21-925037465-2226837016-4004537459-20892",
"CN=COD144,OU=Computadores,OU=Comercial,OU=Matriz,OU=MA,OU=techlab_Brasil,DC=techlab,DC=br","COD144.techlab.br","True","COD144","computer","8800b919-8d40-466c-89a0-565a50fedb11","COD144$","S-1-5-21-925037465-2226837016-4004537459-20897",
"CN=COD145,OU=Computadores,OU=Comunicacao,OU=Matriz,OU=MA,OU=techlab_Brasil,DC=techlab,DC=br","COD145.techlab.br","True","COD145","computer","c8e06a56-3b16-41ce-980a-4dce97b9affc","COD145$","S-1-5-21-925037465-2226837016-4004537459-22330",
"CN=COD146,OU=Computadores,OU=Legislação e Pesquisa,OU=Matriz,OU=MA,OU=techlab_Brasil,DC=techlab,DC=br","COD146.techlab.br","True","COD146","computer","361a1977-b14a-4f93-9dd9-532a3e958f29","COD146$","S-1-5-21-925037465-2226837016-4004537459-20898",
"CN=COD147,OU=Computadores,OU=Legislação e Pesquisa,OU=Matriz,OU=MA,OU=techlab_Brasil,DC=techlab,DC=br","COD147.techlab.br","True","COD147","computer","e1690ac9-bf6e-4791-bd93-601afe0656a8","COD147$","S-1-5-21-925037465-2226837016-4004537459-20899",
"CN=COD148,OU=Computadores,OU=Legislação e Pesquisa,OU=Matriz,OU=MA,OU=techlab_Brasil,DC=techlab,DC=br","COD148.techlab.br","True","COD148","computer","3670c3fa-18bf-454a-9b41-e7f8afbd9358","COD148$","S-1-5-21-925037465-2226837016-4004537459-20900",
"CN=COD150,OU=Computadores,OU=Legislação e Pesquisa,OU=Matriz,OU=MA,OU=techlab_Brasil,DC=techlab,DC=br","COD150.techlab.br","True","COD150","computer","547913da-2d6a-4b4b-a553-8e437112276e","COD150$","S-1-5-21-925037465-2226837016-4004537459-22331",
"CN=COD149,OU=Computadores,OU=Legislação e Pesquisa,OU=Matriz,OU=MA,OU=techlab_Brasil,DC=techlab,DC=br","COD149.techlab.br","True","COD149","computer","51a8099b-5e7f-4776-ad1d-b7076024da86","COD149$","S-1-5-21-925037465-2226837016-4004537459-22332",
"CN=COD152,OU=Computadores,OU=Internacional,OU=Matriz,OU=MA,OU=techlab_Brasil,DC=techlab,DC=br","COD152.techlab.br","True","COD152","computer","7c48f0bc-46c5-4f49-b7ce-ba699d502fc8","COD152$","S-1-5-21-925037465-2226837016-4004537459-22333",
"CN=COD151,OU=Computadores,OU=Internacional,OU=Matriz,OU=MA,OU=techlab_Brasil,DC=techlab,DC=br","COD151.techlab.br","True","COD151","computer","4b6c3921-34d8-4d07-8779-57d825058b08","COD151$","S-1-5-21-925037465-2226837016-4004537459-22334",
"CN=COD153,OU=Computadores,OU=Administrativo - Financeiro,OU=Matriz,OU=MA,OU=techlab_Brasil,DC=techlab,DC=br","COD153.techlab.br","True","COD153","computer","bd5e402e-9ec1-49c3-808c-19eeeea09e88","COD153$","S-1-5-21-925037465-2226837016-4004537459-22335",
"CN=COD154,OU=Computadores,OU=Administrativo - Financeiro,OU=Matriz,OU=MA,OU=techlab_Brasil,DC=techlab,DC=br","COD154.techlab.br","True","COD154","computer","74e81395-2949-4d2b-9714-a4d140c2c8c8","COD154$","S-1-5-21-925037465-2226837016-4004537459-20901",
"CN=COD155,OU=Computadores,OU=Administrativo - Financeiro,OU=Matriz,OU=MA,OU=techlab_Brasil,DC=techlab,DC=br","COD155.techlab.br","True","COD155","computer","ba201a0f-0fa2-47be-bff7-fd55a52109ac","COD155$","S-1-5-21-925037465-2226837016-4004537459-22336",
"CN=COD156,OU=Computadores,OU=Administrativo - Financeiro,OU=Matriz,OU=MA,OU=techlab_Brasil,DC=techlab,DC=br","COD156.techlab.br","True","COD156","computer","bb2dca0c-abc7-4e7f-afd0-362627ac23ae","COD156$","S-1-5-21-925037465-2226837016-4004537459-22337",
"CN=COD157,OU=Computadores,OU=Administrativo - Financeiro,OU=Matriz,OU=MA,OU=techlab_Brasil,DC=techlab,DC=br","COD157.techlab.br","True","COD157","computer","7c7730fe-cb07-4206-bf7c-1dbf1421aa4b","COD157$","S-1-5-21-925037465-2226837016-4004537459-22338",
"CN=COD158,OU=Computadores,OU=Administrativo - Financeiro,OU=Matriz,OU=MA,OU=techlab_Brasil,DC=techlab,DC=br","COD158.techlab.br","True","COD158","computer","2c77ac25-b25d-428b-beef-dacc40a0e2e1","COD158$","S-1-5-21-925037465-2226837016-4004537459-22339",
"CN=COD159,OU=Computadores,OU=Administrativo - Financeiro,OU=Matriz,OU=MA,OU=techlab_Brasil,DC=techlab,DC=br","COD159.techlab.br","True","COD159","computer","030cc306-86f8-4cc0-84a4-0247c50a00be","COD159$","S-1-5-21-925037465-2226837016-4004537459-20902",
"CN=COD160,OU=Computadores,OU=Administrativo - Financeiro,OU=Matriz,OU=MA,OU=techlab_Brasil,DC=techlab,DC=br","COD160.techlab.br","True","COD160","computer","19a23ffd-2579-4c02-9388-6136a0f7de05","COD160$","S-1-5-21-925037465-2226837016-4004537459-20903",
"CN=COD161,OU=Computadores,OU=Administrativo - Financeiro,OU=Matriz,OU=MA,OU=techlab_Brasil,DC=techlab,DC=br","COD161.techlab.br","True","COD161","computer","456204ab-0808-4145-ac35-71f3e5962c4a","COD161$","S-1-5-21-925037465-2226837016-4004537459-20904",
"CN=COD162,OU=Computadores,OU=Administrativo - Financeiro,OU=Matriz,OU=MA,OU=techlab_Brasil,DC=techlab,DC=br","COD162.techlab.br","True","COD162","computer","e7163da6-9a73-46b6-9bba-cf4f3ce00fe1","COD162$","S-1-5-21-925037465-2226837016-4004537459-20905",
"CN=COD163,OU=Computadores,OU=Administrativo - Financeiro,OU=Matriz,OU=MA,OU=techlab_Brasil,DC=techlab,DC=br","COD163.techlab.br","True","COD163","computer","1e52b2b4-c6d2-420d-b957-345be222ac1c","COD163$","S-1-5-21-925037465-2226837016-4004537459-20907",
"CN=COD164,OU=Computadores,OU=Administrativo - Financeiro,OU=Matriz,OU=MA,OU=techlab_Brasil,DC=techlab,DC=br","COD164.techlab.br","True","COD164","computer","50a2a84a-437e-4040-bc5c-825387b9f445","COD164$","S-1-5-21-925037465-2226837016-4004537459-20908",
"CN=COD165,OU=Computadores,OU=Comunicacao,OU=Matriz,OU=MA,OU=techlab_Brasil,DC=techlab,DC=br","COD165.techlab.br","True","COD165","computer","790903f1-d8a2-4d62-8a95-62bdbe93150b","COD165$","S-1-5-21-925037465-2226837016-4004537459-20909",
"CN=COD166,OU=Computadores,OU=Comunicacao,OU=Matriz,OU=MA,OU=techlab_Brasil,DC=techlab,DC=br","COD166.techlab.br","True","COD166","computer","d7d8d487-2c5e-464d-a8f9-f5bf2d531ac7","COD166$","S-1-5-21-925037465-2226837016-4004537459-20910",
"CN=COD175,OU=Computadores,OU=Comunicacao,OU=Matriz,OU=MA,OU=techlab_Brasil,DC=techlab,DC=br","COD175.techlab.br","True","COD175","computer","eaf20bed-4661-43fd-b7a7-cc2674de0e13","COD175$","S-1-5-21-925037465-2226837016-4004537459-22341",
"CN=COD168,OU=Desenvolvimento,OU=TI,OU=Matriz,OU=MA,OU=techlab_Brasil,DC=techlab,DC=br","COD168.techlab.br","True","COD168","computer","d8ef0548-95f5-4ca0-901a-fdd26404540d","COD168$","S-1-5-21-925037465-2226837016-4004537459-22343",
"CN=COD169,OU=Computadores,OU=Legislação e Pesquisa,OU=Matriz,OU=MA,OU=techlab_Brasil,DC=techlab,DC=br","COD169.techlab.br","True","COD169","computer","e82607ff-bb2e-43e8-90dd-17fd257ac636","COD169$","S-1-5-21-925037465-2226837016-4004537459-20911",
"CN=COD453,OU=Computers,OU=SNAPSE,OU=Terceiros,OU=MA,OU=techlab_Brasil,DC=techlab,DC=br","COD453.techlab.br","True","COD453","computer","88dc3aad-6f98-44af-89e8-ca1cc1230b62","COD453$","S-1-5-21-925037465-2226837016-4004537459-20917",
"CN=COD288,OU=Computers,OU=SNAPSE,OU=Terceiros,OU=MA,OU=techlab_Brasil,DC=techlab,DC=br","COD288.techlab.br","True","COD288","computer","6a3e3b5c-f33e-4ae2-ac27-7a2ce611358b","COD288$","S-1-5-21-925037465-2226837016-4004537459-20918",
"CN=COD170,OU=Computadores,OU=Consultoria ESG,OU=Matriz,OU=MA,OU=techlab_Brasil,DC=techlab,DC=br","COD170.techlab.br","True","COD170","computer","4580be30-a189-4512-aed9-52eaf16cddc5","COD170$","S-1-5-21-925037465-2226837016-4004537459-20919",
"CN=COD171,OU=Computadores,OU=Legislação e Pesquisa,OU=Matriz,OU=MA,OU=techlab_Brasil,DC=techlab,DC=br","COD171.techlab.br","True","COD171","computer","05c74a16-5b8b-4a81-9e4a-e820e6ebd236","COD171$","S-1-5-21-925037465-2226837016-4004537459-22344",
"CN=COD172,OU=Computadores,OU=Legislação e Pesquisa,OU=Matriz,OU=MA,OU=techlab_Brasil,DC=techlab,DC=br","COD172.techlab.br","True","COD172","computer","223d641a-f1cf-48ab-90e2-5a63528ac424","COD172$","S-1-5-21-925037465-2226837016-4004537459-22345",
"CN=COD173,OU=Computadores,OU=Suporte,OU=Matriz,OU=MA,OU=techlab_Brasil,DC=techlab,DC=br","COD173.techlab.br","True","COD173","computer","bdd33f86-249c-4c10-a2a2-7881569dae0d","COD173$","S-1-5-21-925037465-2226837016-4004537459-20920",
"CN=COD167,OU=Computadores,OU=Legislação e Pesquisa,OU=Matriz,OU=MA,OU=techlab_Brasil,DC=techlab,DC=br","COD167.techlab.br","True","COD167","computer","bb8d58b7-5c3a-481a-93ba-08fc4e73b338","COD167$","S-1-5-21-925037465-2226837016-4004537459-20921",
"CN=COD174,OU=Computadores,OU=Comunicacao,OU=Matriz,OU=MA,OU=techlab_Brasil,DC=techlab,DC=br","COD174.techlab.br","True","COD174","computer","237841cc-32e4-4ad0-9dfb-8e31c232906c","COD174$","S-1-5-21-925037465-2226837016-4004537459-20922",
"CN=COD564,OU=Computadores,OU=Bravo,OU=SP,OU=techlab_Brasil,DC=techlab,DC=br","COD564.techlab.br","True","COD564","computer","d797217d-debd-46a1-8504-b44720804f24","COD564$","S-1-5-21-925037465-2226837016-4004537459-22351",
"CN=COD176,OU=Computadores,OU=Desenvolvimento,OU=TI,OU=Matriz,OU=MA,OU=techlab_Brasil,DC=techlab,DC=br","COD176.techlab.br","True","COD176","computer","b86b0555-f5a8-4911-8fc1-0eca1814e9cd","COD176$","S-1-5-21-925037465-2226837016-4004537459-20924",
"CN=COD397,OU=Computadores,OU=Bravo,OU=SP,OU=techlab_Brasil,DC=techlab,DC=br","COD397.techlab.br","True","COD397","computer","d14da565-1fd8-432e-a966-9726d0bff9c2","COD397$","S-1-5-21-925037465-2226837016-4004537459-20926",
"CN=COD270,OU=Computadores,OU=Bravo,OU=SP,OU=techlab_Brasil,DC=techlab,DC=br","COD270.techlab.br","True","COD270","computer","2010dff0-d458-4910-bafe-fac49d2db32c","COD270$","S-1-5-21-925037465-2226837016-4004537459-22353",
"CN=COD291,OU=Computadores,OU=Bravo,OU=SP,OU=techlab_Brasil,DC=techlab,DC=br","COD291.techlab.br","True","COD291","computer","e7d0642b-36b8-40e4-90bb-6a6e6913d507","COD291$","S-1-5-21-925037465-2226837016-4004537459-22354",
"CN=COD265,OU=Computadores,OU=Bravo,OU=SP,OU=techlab_Brasil,DC=techlab,DC=br","COD265.techlab.br","True","COD265","computer","d7f27d05-0689-4cf0-a692-d608945531c0","COD265$","S-1-5-21-925037465-2226837016-4004537459-20934",
"CN=COD432,OU=Computadores,OU=Bravo,OU=SP,OU=techlab_Brasil,DC=techlab,DC=br","COD432.techlab.br","True","COD432","computer","52acfcdf-9cf8-45f3-bb02-a891552574c9","COD432$","S-1-5-21-925037465-2226837016-4004537459-22355",
"CN=COD273,OU=Computadores,OU=Bravo,OU=SP,OU=techlab_Brasil,DC=techlab,DC=br","COD273.techlab.br","True","COD273","computer","2a0fa687-f0d0-443e-9f9d-487cfa1b56ea","COD273$","S-1-5-21-925037465-2226837016-4004537459-22356",
"CN=COD74,OU=Computadores,OU=Comercial,OU=Matriz,OU=MA,OU=techlab_Brasil,DC=techlab,DC=br","COD74.techlab.br","True","COD74","computer","c9702b3c-e280-4313-85ab-f25611526642","COD74$","S-1-5-21-925037465-2226837016-4004537459-22357",
"CN=COD32,OU=Computadores,OU=Comercial,OU=Matriz,OU=MA,OU=techlab_Brasil,DC=techlab,DC=br","COD32.techlab.br","True","COD32","computer","d206b5e6-52ac-40f9-8df5-3bb8d733e19f","COD32$","S-1-5-21-925037465-2226837016-4004537459-20936",
"CN=COD70,OU=Computadores,OU=Legislação e Pesquisa,OU=Matriz,OU=MA,OU=techlab_Brasil,DC=techlab,DC=br","COD70.techlab.br","True","COD70","computer","ad54daf4-4d09-482d-a6cb-ac36ce15c09b","COD70$","S-1-5-21-925037465-2226837016-4004537459-20937",
"CN=COD289,OU=Computadores,OU=Bravo,OU=SP,OU=techlab_Brasil,DC=techlab,DC=br","COD289.techlab.br","True","COD289","computer","888b2eda-c75e-4d39-a6e2-8511fe6282b7","COD289$","S-1-5-21-925037465-2226837016-4004537459-20938",
"CN=COD24,OU=Computadores,OU=Comercial,OU=Matriz,OU=MA,OU=techlab_Brasil,DC=techlab,DC=br","COD24.techlab.br","True","COD24","computer","4dafe9f0-59db-4239-abca-bdeb0610b9c4","COD24$","S-1-5-21-925037465-2226837016-4004537459-22358",
"CN=MCHINE02,OU=Computadores,OU=Ambito,OU=Matriz,OU=MA,OU=techlab_Brasil,DC=techlab,DC=br","MCHINE02.techlab.br","True","MCHINE02","computer","21ba27af-0e8f-4675-886f-3ddabcd3e1c5","MCHINE02$","S-1-5-21-925037465-2226837016-4004537459-20939",
"CN=COD08,OU=Computadores,OU=Desenvolvimento,OU=TI,OU=Matriz,OU=MA,OU=techlab_Brasil,DC=techlab,DC=br","COD08.techlab.br","True","COD08","computer","c693af5b-820b-4b06-b424-3fbc98dfbee2","COD08$","S-1-5-21-925037465-2226837016-4004537459-20941",
"CN=COD88,OU=Computadores,OU=Comercial,OU=Matriz,OU=MA,OU=techlab_Brasil,DC=techlab,DC=br","COD88.techlab.br","True","COD88","computer","426effa4-3e7d-4f6b-b612-fa0564acdcac","COD88$","S-1-5-21-925037465-2226837016-4004537459-20943",
"CN=COD94,OU=Computadores,OU=Consultoria ESG,OU=Matriz,OU=MA,OU=techlab_Brasil,DC=techlab,DC=br","COD94.techlab.br","True","COD94","computer","f4da5f05-e83b-4bc4-b560-db3a422172eb","COD94$","S-1-5-21-925037465-2226837016-4004537459-20944",
"CN=COD233,OU=Computadores,OU=Bravo,OU=SP,OU=techlab_Brasil,DC=techlab,DC=br","COD233.techlab.br","True","COD233","computer","4eb5bbc4-ccf1-4546-b083-71f89eccccbf","COD233$","S-1-5-21-925037465-2226837016-4004537459-20946",
"CN=COD499,OU=Computadores,OU=Bravo,OU=SP,OU=techlab_Brasil,DC=techlab,DC=br","COD499.techlab.br","True","COD499","computer","11cb43c2-b48f-4a42-a002-5466a98089f0","COD499$","S-1-5-21-925037465-2226837016-4004537459-20949",
"CN=COD07,OU=Computadores,OU=Legislação e Pesquisa,OU=Matriz,OU=MA,OU=techlab_Brasil,DC=techlab,DC=br","COD07.techlab.br","True","COD07","computer","9320a836-27af-4d84-ab21-863b19d88c87","COD07$","S-1-5-21-925037465-2226837016-4004537459-20950",
"CN=COD16,OU=Computadores,OU=Consultoria ESG,OU=Matriz,OU=MA,OU=techlab_Brasil,DC=techlab,DC=br","COD16.techlab.br","True","COD16","computer","e97f4e7e-4c4c-4a87-9753-fe1a6b9349d2","COD16$","S-1-5-21-925037465-2226837016-4004537459-20953",
"CN=COD177,OU=Computadores,OU=Comercial,OU=Matriz,OU=MA,OU=techlab_Brasil,DC=techlab,DC=br","COD177.techlab.br","True","COD177","computer","10fd593f-bc55-4349-946d-8693a406fa08","COD177$","S-1-5-21-925037465-2226837016-4004537459-20954",
"CN=COD-03,OU=Computadores,OU=Administrativo - Financeiro,OU=Matriz,OU=MA,OU=techlab_Brasil,DC=techlab,DC=br","COD-03.techlab.br","True","COD-03","computer","21a4919d-e7ae-4c21-89c8-5ec5ad84ba51","COD-03$","S-1-5-21-925037465-2226837016-4004537459-22367",
"CN=COD-01,OU=Computadores,OU=Desenvolvimento,OU=TI,OU=Matriz,OU=MA,OU=techlab_Brasil,DC=techlab,DC=br","COD-01.techlab.br","True","COD-01","computer","5bab41d1-075d-40a0-9fbf-3479c236946e","COD-01$","S-1-5-21-925037465-2226837016-4004537459-20955",
"CN=COD179,OU=VOKE,OU=Matriz,OU=MA,OU=techlab_Brasil,DC=techlab,DC=br","COD179.techlab.br","True","COD179","computer","9a54e5bd-5b11-42fb-bc0e-1caba31f9d7c","COD179$","S-1-5-21-925037465-2226837016-4004537459-22369",
"CN=COD180,OU=VOKE,OU=Matriz,OU=MA,OU=techlab_Brasil,DC=techlab,DC=br","COD180.techlab.br","True","COD180","computer","e1901313-fae7-46fa-8133-08a7f8006c3c","COD180$","S-1-5-21-925037465-2226837016-4004537459-22370",
"CN=COD181,OU=VOKE,OU=Matriz,OU=MA,OU=techlab_Brasil,DC=techlab,DC=br","COD181.techlab.br","True","COD181","computer","825ca11c-08df-47c3-8e15-2891b1887982","COD181$","S-1-5-21-925037465-2226837016-4004537459-20956",
"CN=COD182,OU=VOKE,OU=Matriz,OU=MA,OU=techlab_Brasil,DC=techlab,DC=br","COD182.techlab.br","True","COD182","computer","1b00e0ba-75c0-4b7f-9de1-d8ca7f267657","COD182$","S-1-5-21-925037465-2226837016-4004537459-20957",
"CN=COD183,OU=VOKE,OU=Matriz,OU=MA,OU=techlab_Brasil,DC=techlab,DC=br","COD183.techlab.br","True","COD183","computer","abfc8ad7-b247-4244-9531-6bf6cc9a1604","COD183$","S-1-5-21-925037465-2226837016-4004537459-20958",
"CN=COD184,OU=Computadores,OU=Infra,OU=TI,OU=Matriz,OU=MA,OU=techlab_Brasil,DC=techlab,DC=br","COD184.techlab.br","True","COD184","computer","df9383a0-992e-4094-9efb-7538869b7571","COD184$","S-1-5-21-925037465-2226837016-4004537459-20959",
"CN=COD185,OU=Computadores,OU=Infra,OU=TI,OU=Matriz,OU=MA,OU=techlab_Brasil,DC=techlab,DC=br","COD185.techlab.br","True","COD185","computer","3ad5cc67-a0d2-4ca3-a658-7db94e5e65ba","COD185$","S-1-5-21-925037465-2226837016-4004537459-20960",
"CN=COD446,OU=Bravo,OU=SP,OU=techlab_Brasil,DC=techlab,DC=br","COD446.techlab.br","True","COD446","computer","9f39fbac-decd-4811-b6f8-1801b0fef441","COD446$","S-1-5-21-925037465-2226837016-4004537459-20961",
"CN=COD187,OU=VOKE,OU=Matriz,OU=MA,OU=techlab_Brasil,DC=techlab,DC=br","COD187.techlab.br","True","COD187","computer","e2fe3c32-64a4-4990-8e2c-3d28dc6ed7a2","COD187$","S-1-5-21-925037465-2226837016-4004537459-22372",
"CN=COD188,OU=VOKE,OU=Matriz,OU=MA,OU=techlab_Brasil,DC=techlab,DC=br","COD188.techlab.br","True","COD188","computer","e33ac7f5-d622-414a-8717-5ab6f155b440","COD188$","S-1-5-21-925037465-2226837016-4004537459-20964",
"CN=COD189,OU=VOKE,OU=Matriz,OU=MA,OU=techlab_Brasil,DC=techlab,DC=br","COD189.techlab.br","True","COD189","computer","1ff2da60-8626-4313-9074-5f0a3acf5439","COD189$","S-1-5-21-925037465-2226837016-4004537459-20965",
"CN=COD190,OU=VOKE,OU=Matriz,OU=MA,OU=techlab_Brasil,DC=techlab,DC=br","COD190.techlab.br","True","COD190","computer","2010741f-72f2-4249-8eac-66b54d6981d5","COD190$","S-1-5-21-925037465-2226837016-4004537459-20966",
"CN=COD191,OU=VOKE,OU=Matriz,OU=MA,OU=techlab_Brasil,DC=techlab,DC=br","COD191.techlab.br","True","COD191","computer","e113394d-21b2-4ae3-9d25-5cc7cf670a20","COD191$","S-1-5-21-925037465-2226837016-4004537459-22374",
"CN=COD186,OU=Computadores,OU=Comunicacao,OU=Matriz,OU=MA,OU=techlab_Brasil,DC=techlab,DC=br","COD186.techlab.br","True","COD186","computer","0275007a-d92f-4c2f-84fd-be359e0cf584","COD186$","S-1-5-21-925037465-2226837016-4004537459-20968",
"CN=DESKTOP-SA4SME9,CN=Computers,DC=techlab,DC=br","DESKTOP-SA4SME9.techlab.br","True","DESKTOP-SA4SME9","computer","67e36377-ebcc-41bc-ad4c-714871f5017a","DESKTOP-SA4SME9$","S-1-5-21-925037465-2226837016-4004537459-20970",
